date,time
2026-02-10,09:00:00
2026-02-10,09:06:00
2026-02-10,09:12:00
2026-02-10,09:18:00
2026-02-10,09:24:00
2026-02-10,09:30:00
2026-02-10,09:36:00
2026-02-10,09:42:00
2026-02-10,09:48:00
2026-02-10,09:54:00
2026-02-11,09:00:00
2026-02-11,09:06:00
2026-02-11,09:12:00
2026-02-11,09:18:00
2026-02-11,09:24:00
2026-02-11,09:30:00
2026-02-11,09:36:00
2026-02-11,09:42:00
2026-02-11,09:48:00
2026-02-11,09:54:00
2026-02-12,09:00:00
2026-02-12,09:06:00
2026-02-12,09:12:00
2026-02-12,09:18:00
2026-02-12,09:24:00
2026-02-12,09:30:00
2026-02-12,09:36:00
2026-02-12,09:42:00
2026-02-12,09:48:00
2026-02-12,09:54:00